iter	RMSE
0	4.9873865
1	3.733509016
2	3.078150635
3	2.764888846
4	2.442223474
5	2.259500793
6	2.095550181
7	1.958331817
8	1.764016259
9	1.729244686
10	1.523152783
11	1.414194333
12	1.394160382
13	1.342616505
14	1.251288614
15	1.240270035
16	1.135239426
17	1.047011563
18	0.9365529971
19	0.8739329467
20	0.8107900532
21	0.7298386926
22	0.7172292976
23	0.6600216808
